{
  "origin_station": "Z\u00fcrich HB",
  "w0": 1.1968243702960695,
  "a": 2.0,
  "b": 2.0,
  "k": 3.0,
  "v_min": 0.0,
  "v_max": 5.797999999999993,
  "t_min": 11.235026296055038,
  "t_max": 165.78612669557128
}
